{
  "concept_pos_rates": [
    0.1469794511795044,
    0.07224413752555847,
    0.06913016736507416,
    0.2904297411441803,
    0.2819181978702545,
    0.46190574765205383,
    0.5663275718688965,
    0.2320946604013443,
    0.34482043981552124,
    0.24413534998893738,
    0.2974880635738373,
    0.6288146376609802,
    0.2756902575492859,
    0.30330079793930054,
    0.3006020486354828,
    0.5931077599525452,
    0.22296035289764404,
    0.21735520660877228,
    0.09757110476493835,
    0.2541000545024872,
    0.5831430554389954,
    0.07494290918111801,
    0.5791986584663391,
    0.792401909828186,
    0.17147602140903473,
    0.11376375705003738,
    0.2806726098060608,
    0.43678638339042664,
    0.18413950502872467,
    0.5891633629798889,
    0.12144488096237183,
    0.10732821375131607,
    0.4708324670791626,
    0.805065393447876,
    0.1152169406414032,
    0.22233755886554718,
    0.3319493532180786
  ],
  "concept_pos_weights": [
    5.0,
    5.0,
    5.0,
    2.4431650638580322,
    2.547119140625,
    1.1649413108825684,
    0.765761137008667,
    3.308572769165039,
    1.9000545740127563,
    3.0960757732391357,
    2.361471176147461,
    0.5902928113937378,
    2.6272494792938232,
    2.2970492839813232,
    2.3266494274139404,
    0.6860330700874329,
    3.485086679458618,
    3.600747585296631,
    5.0,
    2.935445785522461,
    0.7148438096046448,
    5.0,
    0.7265220880508423,
    0.26198551058769226,
    4.831691265106201,
    5.0,
    2.5628607273101807,
    1.2894456386566162,
    4.430641174316406,
    0.6973208785057068,
    5.0,
    5.0,
    1.123895287513733,
    0.24213480949401855,
    5.0,
    3.497649908065796,
    2.0125017166137695
  ],
  "total_samples": 4817,
  "weight_cap": 5.0
}