{
  "optimal_thresholds": [
    0.35000000000000003,
    0.35000000000000003,
    0.45,
    0.25,
    0.5,
    0.5,
    0.5,
    0.5,
    0.1,
    0.25,
    0.5,
    0.5,
    0.2,
    0.5,
    0.4,
    0.45,
    0.45,
    0.45
  ],
  "final_f1": 0.7188936033098908,
  "best_f1": 0.7206250014938143,
  "best_epoch": 50
}